{
  "R2": 0.6098076048023119,
  "MAE": 0.5284530092971268,
  "MSE": 0.5151881391739428,
  "median_absolute_error": 0.41252106231809627,
  "loss": 0.5151881391739428
}